{"loss": 0.03637924293677012, "acc": 0.5333333333333333, "f1": 0.43137254901960786, "learning_rate": 0.0001, "num_epochs": 100, "test_size": 0.2}