{"loss": 0.002670279238373041, "acc": 0.9666666666666667, "f1": 0.9658994032395567, "learning_rate": 0.01, "num_epochs": 100, "test_size": 0.2}